[{"id":"Fe1rtYogDqc7XF5IDZmURlZAMx13_4kxcvpcilzas4opc","guestInput2":{"type":"phone","value":"","key":"電話番号"},"os":"macos","serviceGuest":"","serviceParamKey":"","serviceTicket":"","kokyakuId":"","connectionAccountId":"","duration":0,"ticketParamKey":"","uid":"Fe1rtYogDqc7XF5IDZmURlZAMx13","browser":"microsoft edge","portalId":"","serviceBrokerParamKey":"","connectionId":"","subdomain":"maruse","guestInput1":{"type":"other","value":"","key":"会員番号"},"calls":[{"user":"オペレーター1","roomId":"zHGe3P3qnTGdNtl9PyRk","status":1,"timestamp":1722486740897},{"user":"オペレーター1","roomId":"zHGe3P3qnTGdNtl9PyRk","timestamp":1722486742101,"status":0}],"timestamp":1722486742101,"hostName":"オペレーター1","hostId":"X6vh58pWx8aEih4hcgam0hKyO4l2","hostLoginId":"operator1","status":4, "skillId": "english"},{"id":"Fe1rtYogDqc7XF5IDZmURlZAMx13_7jsp6la3lxwqy4zq","guestInput2":{"type":"phone","value":"","key":"電話番号"},"os":"macos","serviceGuest":"","serviceParamKey":"","serviceTicket":"","kokyakuId":"","connectionAccountId":"","duration":0,"ticketParamKey":"","uid":"Fe1rtYogDqc7XF5IDZmURlZAMx13","browser":"microsoft edge","portalId":"","serviceBrokerParamKey":"","connectionId":"MpwREVUPBug5b76xwzvI","subdomain":"maruse","guestInput1":{"type":"other","value":"","key":"会員番号"},"calls":[{"user":"オペレーター1","roomId":"zHGe3P3qnTGdNtl9PyRk","timestamp":1719461445884,"status":1},{"user":"オペレーター1","roomId":"zHGe3P3qnTGdNtl9PyRk","timestamp":1719461446526,"status":0}],"timestamp":1719461446526,"hostName":"オペレーター1","hostId":"X6vh58pWx8aEih4hcgam0hKyO4l2","hostLoginId":"operator1","status":4, "skillId": "english"},{"id":"Fe1rtYogDqc7XF5IDZmURlZAMx13_7xfiqaxylxsrc8oz","guestInput2":{"type":"phone","value":"","key":"電話番号"},"os":"macos","serviceGuest":"","serviceParamKey":"","serviceTicket":"","kokyakuId":"","connectionAccountId":"","ticketParamKey":"","uid":"Fe1rtYogDqc7XF5IDZmURlZAMx13","browser":"microsoft edge","portalId":"","serviceBrokerParamKey":"","connectionId":"MpwREVUPBug5b76xwzvI","subdomain":"maruse","guestInput1":{"type":"other","value":"","key":"会員番号"},"calls":[{"user":"オペレーター1","roomId":"zHGe3P3qnTGdNtl9PyRk","status":1,"timestamp":1719220251785},{"user":"オペレーター1","roomId":"zHGe3P3qnTGdNtl9PyRk","timestamp":1719220252691,"status":0}],"timestamp":1719220252691,"duration":13,"hostName":"オペレーター1","hostId":"X6vh58pWx8aEih4hcgam0hKyO4l2","hostLoginId":"operator1","status":4, "skillId": ""},{"id":"Fe1rtYogDqc7XF5IDZmURlZAMx13_a8hejm7nlxsq0ujt","guestInput2":{"type":"phone","value":"","key":"電話番号"},"os":"macos","serviceGuest":"","serviceParamKey":"","serviceTicket":"","kokyakuId":"","connectionAccountId":"","ticketParamKey":"","uid":"Fe1rtYogDqc7XF5IDZmURlZAMx13","browser":"microsoft edge","portalId":"","serviceBrokerParamKey":"","connectionId":"MpwREVUPBug5b76xwzvI","subdomain":"maruse","guestInput1":{"type":"other","value":"","key":"会員番号"},"calls":[{"user":"オペレーター1","roomId":"zHGe3P3qnTGdNtl9PyRk","status":1,"timestamp":1719218030045},{"user":"オペレーター1","roomId":"zHGe3P3qnTGdNtl9PyRk","timestamp":1719218031011,"status":0}],"timestamp":1719218031011,"duration":200,"hostName":"オペレーター1","hostId":"X6vh58pWx8aEih4hcgam0hKyO4l2","hostLoginId":"operator1","status":4, "skillId": "english"},{"id":"Fe1rtYogDqc7XF5IDZmURlZAMx13_boqsggw7lxsrm5kj","guestInput2":{"type":"phone","value":"","key":"電話番号"},"os":"macos","serviceGuest":"","serviceParamKey":"","serviceTicket":"","kokyakuId":"","connectionAccountId":"","ticketParamKey":"","uid":"Fe1rtYogDqc7XF5IDZmURlZAMx13","calls":[{"user":"オペレーター1","roomId":"zHGe3P3qnTGdNtl9PyRk","timestamp":1719220711867,"status":0}],"browser":"microsoft edge","portalId":"","serviceBrokerParamKey":"","connectionId":"MpwREVUPBug5b76xwzvI","subdomain":"maruse","guestInput1":{"type":"other","value":"","key":"会員番号"},"timestamp":1719220711867,"duration":5,"hostName":"オペレーター1","hostId":"X6vh58pWx8aEih4hcgam0hKyO4l2","hostLoginId":"operator1","status":4, "skillId": "chinese"},{"id":"Fe1rtYogDqc7XF5IDZmURlZAMx13_e6zsde0zlxwl2b8t","guestInput2":{"type":"phone","value":"","key":"電話番号"},"os":"macos","serviceGuest":"","serviceParamKey":"","serviceTicket":"","kokyakuId":"","connectionAccountId":"","duration":0,"ticketParamKey":"","uid":"Fe1rtYogDqc7XF5IDZmURlZAMx13","browser":"microsoft edge","portalId":"","serviceBrokerParamKey":"","connectionId":"MpwREVUPBug5b76xwzvI","subdomain":"maruse","guestInput1":{"type":"other","value":"","key":"会員番号"},"calls":[{"user":"オペレーター1","roomId":"zHGe3P3qnTGdNtl9PyRk","status":1,"timestamp":1719451562752},{"user":"オペレーター1","roomId":"zHGe3P3qnTGdNtl9PyRk","timestamp":1719451563746,"status":0}],"timestamp":1719451563746,"hostName":"オペレーター1","hostId":"X6vh58pWx8aEih4hcgam0hKyO4l2","hostLoginId":"operator1","status":4, "skillId": "korean"},{"id":"Fe1rtYogDqc7XF5IDZmURlZAMx13_ehlxhsgolxspj1f3","guestInput2":{"type":"phone","value":"","key":"電話番号"},"os":"macos","serviceGuest":"","serviceParamKey":"","serviceTicket":"","kokyakuId":"","connectionAccountId":"","ticketParamKey":"","uid":"Fe1rtYogDqc7XF5IDZmURlZAMx13","calls":[{"user":"オペレーター1","roomId":"zHGe3P3qnTGdNtl9PyRk","timestamp":1719217201127,"status":0}],"browser":"microsoft edge","portalId":"","serviceBrokerParamKey":"","connectionId":"MpwREVUPBug5b76xwzvI","subdomain":"maruse","guestInput1":{"type":"other","value":"","key":"会員番号"},"timestamp":1719217201127,"duration":11,"hostName":"オペレーター1","hostId":"X6vh58pWx8aEih4hcgam0hKyO4l2","hostLoginId":"operator1","status":4, "skillId": "english"},{"id":"Fe1rtYogDqc7XF5IDZmURlZAMx13_esmsgg7slxwqykah","guestInput2":{"type":"phone","value":"","key":"電話番号"},"os":"macos","serviceGuest":"","serviceParamKey":"","serviceTicket":"","kokyakuId":"","connectionAccountId":"","duration":0,"ticketParamKey":"","uid":"Fe1rtYogDqc7XF5IDZmURlZAMx13","calls":[{"user":"オペレーター1","roomId":"zHGe3P3qnTGdNtl9PyRk","timestamp":1719461466274,"status":1}],"browser":"microsoft edge","portalId":"","serviceBrokerParamKey":"","connectionId":"MpwREVUPBug5b76xwzvI","subdomain":"maruse","guestInput1":{"type":"other","value":"","key":"会員番号"},"timestamp":1719461466274,"status":1},{"id":"Fe1rtYogDqc7XF5IDZmURlZAMx13_f5a3xueqlxsqg9eb","guestInput2":{"type":"phone","value":"","key":"電話番号"},"os":"macos","serviceGuest":"","serviceParamKey":"","serviceTicket":"","kokyakuId":"","connectionAccountId":"","ticketParamKey":"","uid":"Fe1rtYogDqc7XF5IDZmURlZAMx13","browser":"microsoft edge","portalId":"","serviceBrokerParamKey":"","connectionId":"MpwREVUPBug5b76xwzvI","subdomain":"maruse","guestInput1":{"type":"other","value":"","key":"会員番号"},"calls":[{"user":"オペレーター1","roomId":"zHGe3P3qnTGdNtl9PyRk","status":1,"timestamp":1719218750421},{"user":"オペレーター1","roomId":"zHGe3P3qnTGdNtl9PyRk","timestamp":1719218752514,"status":0}],"timestamp":1719218752514,"duration":2,"hostName":"オペレーター1","hostId":"X6vh58pWx8aEih4hcgam0hKyO4l2","hostLoginId":"operator1","status":4, "skillId": "english"}]