[{"id":"r54mEAOMHr3cyCN2rXe4","newValue":{"hostId":"","index":0,"monitoring":false,"priority":1,"skills":[],"uid":"Fe1rtYogDqc7XF5IDZmURlZAMx13","hostLoginAt":1722825364966,"lastCalledAt":1722825403,"personalCallKey":"","name":"","forceLeave":2,"subdomain":"maruse","user":"","privateCallKey":"","status":0,"timestamp":{"_seconds":1722825405,"_nanoseconds":659000000}},"roomId":"zHGe3P3qnTGdNtl9PyRk","prevValue":{"hostId":"X6vh58pWx8aEih4hcgam0hKyO4l2","index":0,"monitoring":false,"priority":1,"skills":["english","chinese"],"uid":"Fe1rtYogDqc7XF5IDZmURlZAMx13","hostLoginAt":1722825364966,"lastCalledAt":1722825403,"personalCallKey":"uyZ6KBP0ln9tormu","name":"","forceLeave":0,"subdomain":"maruse","user":"オペレーター1","privateCallKey":"","status":1,"timestamp":{"_seconds":1722825404,"_nanoseconds":151000000}}},{"id":"6RuMuAceloUtwtuYXXKa","newValue":{"hostId":"X6vh58pWx8aEih4hcgam0hKyO4l2","index":0,"monitoring":false,"priority":1,"skills":["english","chinese"],"uid":"Fe1rtYogDqc7XF5IDZmURlZAMx13","hostLoginAt":1722825364966,"lastCalledAt":1722825403,"personalCallKey":"uyZ6KBP0ln9tormu","name":"","forceLeave":0,"subdomain":"maruse","user":"オペレーター1","privateCallKey":"","status":1,"timestamp":{"_seconds":1722825404,"_nanoseconds":151000000}},"roomId":"zHGe3P3qnTGdNtl9PyRk","prevValue":{"hostId":"X6vh58pWx8aEih4hcgam0hKyO4l2","index":0,"monitoring":false,"priority":1,"skills":["english","chinese"],"uid":"Fe1rtYogDqc7XF5IDZmURlZAMx13","hostLoginAt":1722825364966,"lastCalledAt":1722825398,"personalCallKey":"uyZ6KBP0ln9tormu","name":"","forceLeave":0,"subdomain":"maruse","user":"オペレーター1","privateCallKey":"","status":5,"timestamp":{"_seconds":1722825398,"_nanoseconds":718000000}}},{"id":"9WzRcN9xbWW9hjvfd5jZ","newValue":{"hostId":"X6vh58pWx8aEih4hcgam0hKyO4l2","index":0,"monitoring":false,"priority":1,"skills":["english","chinese"],"uid":"Fe1rtYogDqc7XF5IDZmURlZAMx13","hostLoginAt":1722825364966,"lastCalledAt":1722825398,"personalCallKey":"uyZ6KBP0ln9tormu","name":"","forceLeave":0,"subdomain":"maruse","user":"オペレーター1","privateCallKey":"","status":5,"timestamp":{"_seconds":1722825398,"_nanoseconds":718000000}},"roomId":"zHGe3P3qnTGdNtl9PyRk","prevValue":{"hostId":"X6vh58pWx8aEih4hcgam0hKyO4l2","index":0,"monitoring":false,"priority":1,"skills":["english","chinese"],"uid":"Fe1rtYogDqc7XF5IDZmURlZAMx13","hostLoginAt":1722825364966,"lastCalledAt":1,"personalCallKey":"uyZ6KBP0ln9tormu","name":"","forceLeave":0,"subdomain":"maruse","user":"オペレーター1","privateCallKey":"","status":4,"timestamp":{"_seconds":1722825392,"_nanoseconds":133000000}}},{"id":"xsIqBQ0rTvNVGBn4eXso","newValue":{"hostId":"X6vh58pWx8aEih4hcgam0hKyO4l2","index":0,"monitoring":false,"priority":1,"skills":["english","chinese"],"uid":"Fe1rtYogDqc7XF5IDZmURlZAMx13","hostLoginAt":1722825364966,"lastCalledAt":1,"personalCallKey":"uyZ6KBP0ln9tormu","name":"","forceLeave":0,"subdomain":"maruse","user":"オペレーター1","privateCallKey":"","status":4,"timestamp":{"_seconds":1722825392,"_nanoseconds":133000000}},"roomId":"zHGe3P3qnTGdNtl9PyRk","prevValue":{"hostId":"X6vh58pWx8aEih4hcgam0hKyO4l2","index":0,"monitoring":false,"priority":1,"skills":["english","chinese"],"uid":"Fe1rtYogDqc7XF5IDZmURlZAMx13","hostLoginAt":1722825364966,"lastCalledAt":1,"personalCallKey":"uyZ6KBP0ln9tormu","name":"","forceLeave":0,"subdomain":"maruse","user":"オペレーター1","privateCallKey":"","status":3,"timestamp":{"_seconds":1722825389,"_nanoseconds":850000000}}},{"id":"IhdGXd18sZPrSDTUNtNf","newValue":{"hostId":"X6vh58pWx8aEih4hcgam0hKyO4l2","index":0,"monitoring":false,"priority":1,"skills":["english","chinese"],"uid":"Fe1rtYogDqc7XF5IDZmURlZAMx13","hostLoginAt":1722825364966,"lastCalledAt":1,"personalCallKey":"uyZ6KBP0ln9tormu","name":"","forceLeave":0,"subdomain":"maruse","user":"オペレーター1","privateCallKey":"","status":3,"timestamp":{"_seconds":1722825389,"_nanoseconds":850000000}},"roomId":"zHGe3P3qnTGdNtl9PyRk","prevValue":{"hostId":"X6vh58pWx8aEih4hcgam0hKyO4l2","index":0,"monitoring":false,"priority":1,"skills":["english","chinese"],"uid":"Fe1rtYogDqc7XF5IDZmURlZAMx13","hostLoginAt":1722825364966,"lastCalledAt":1,"personalCallKey":"uyZ6KBP0ln9tormu","name":"","forceLeave":0,"subdomain":"maruse","user":"オペレーター1","privateCallKey":"","status":1,"timestamp":{"_seconds":1722825386,"_nanoseconds":186000000}}},{"id":"9W8Lyp8JNrhyVfioFZAh","newValue":{"hostId":"X6vh58pWx8aEih4hcgam0hKyO4l2","index":0,"monitoring":false,"priority":1,"skills":["english","chinese"],"uid":"Fe1rtYogDqc7XF5IDZmURlZAMx13","hostLoginAt":1722825364966,"lastCalledAt":1,"personalCallKey":"uyZ6KBP0ln9tormu","name":"","forceLeave":0,"subdomain":"maruse","user":"オペレーター1","privateCallKey":"","status":1,"timestamp":{"_seconds":1722825386,"_nanoseconds":186000000}},"roomId":"zHGe3P3qnTGdNtl9PyRk","prevValue":{"hostId":"X6vh58pWx8aEih4hcgam0hKyO4l2","index":0,"monitoring":false,"priority":1,"skills":["english","chinese"],"uid":"Fe1rtYogDqc7XF5IDZmURlZAMx13","hostLoginAt":1722825364966,"lastCalledAt":1,"personalCallKey":"uyZ6KBP0ln9tormu","name":"","forceLeave":0,"subdomain":"maruse","user":"オペレーター1","privateCallKey":"","status":2,"timestamp":{"_seconds":1722825384,"_nanoseconds":376000000}}},{"id":"wbKxDfktOT17j8R1w9n9","newValue":{"hostId":"X6vh58pWx8aEih4hcgam0hKyO4l2","index":0,"monitoring":false,"priority":1,"skills":["english","chinese"],"uid":"Fe1rtYogDqc7XF5IDZmURlZAMx13","hostLoginAt":1722825364966,"lastCalledAt":1,"personalCallKey":"uyZ6KBP0ln9tormu","name":"","forceLeave":0,"subdomain":"maruse","user":"オペレーター1","privateCallKey":"","status":2,"timestamp":{"_seconds":1722825384,"_nanoseconds":376000000}},"roomId":"zHGe3P3qnTGdNtl9PyRk","prevValue":{"hostId":"X6vh58pWx8aEih4hcgam0hKyO4l2","index":0,"monitoring":false,"priority":1,"skills":["english","chinese"],"uid":"Fe1rtYogDqc7XF5IDZmURlZAMx13","hostLoginAt":1722825364966,"lastCalledAt":1,"personalCallKey":"uyZ6KBP0ln9tormu","name":"","forceLeave":0,"subdomain":"maruse","user":"オペレーター1","privateCallKey":"","status":1,"timestamp":{"_seconds":1722825379,"_nanoseconds":486000000}}},{"id":"94wfjq1kFaNq3yraXBWp","newValue":{"hostId":"X6vh58pWx8aEih4hcgam0hKyO4l2","index":0,"monitoring":false,"priority":1,"skills":["english","chinese"],"uid":"Fe1rtYogDqc7XF5IDZmURlZAMx13","hostLoginAt":1722825364966,"lastCalledAt":1,"personalCallKey":"uyZ6KBP0ln9tormu","name":"","forceLeave":0,"subdomain":"maruse","user":"オペレーター1","privateCallKey":"","status":1,"timestamp":{"_seconds":1722825379,"_nanoseconds":486000000}},"roomId":"zHGe3P3qnTGdNtl9PyRk","prevValue":{"hostId":"","index":0,"monitoring":false,"priority":1,"skills":[],"uid":"Fe1rtYogDqc7XF5IDZmURlZAMx13","hostLoginAt":1722588481867,"lastCalledAt":1722588553,"name":"","forceLeave":2,"subdomain":"maruse","user":"","privateCallKey":"","status":0,"timestamp":{"_seconds":1722588559,"_nanoseconds":796000000}}}]