[{"id":"p54AEoOMHr3cyCN2rXe4","start": 1668569057256, "end": 1668569157256, "status": 1, "uid": "Fe1rtYogDqc7XF5IDZmURlZAMx13", "skillId": "english"},{"id":"p55AEoOMHr3cyCN2rXe4","start": 1668565657256, "end": 1668565757256, "status": 1, "uid": "Fe1rtYogDqc7XF5IDZmURlZAMx13", "skillId": "chinese"},{"id":"p56AEoOMHr3cyCN2rXe4","start": 1668567957256, "end": 1668568057256, "status": 2, "uid": "Fe1rtYogDqc7XF5IDZmURlZAMx13", "skillId": ""},{"id":"p57AEoOMHr3cyCN2rXe4","start": 1668566857256, "end": 1668567857256, "status": 1, "uid": "Fe1rtYogDqc7XF5IDZmURlZAMx13", "skillId": "korean"},{"id":"p58AEoOMHr3cyCN2rXe4","start": 1668565837256, "end": 1668565857256, "status": 2, "uid": "Fe1rtYogDqc7XF5IDZmURlZAMx13", "skillId": "english"},{"id":"p59AEoOMHr3cyCN2rXe4","start": 1668565657256, "end": 1668565757256, "status": 1, "uid": "Fe1rtYogDqc7XF5IDZmURlZAMx13", "skillId": "english"}]